label_name,feature_type,kernel,C,tol,train_f1_score,val_f1_score
coalitions,scaled,linear,0.1,0.0001,0.9842823616776901,0.4738446643339687
coalitions,scaled,poly,0.1,0.0001,0.15963029992825656,0.11296910358869053
coalitions,scaled,rbf,0.1,0.0001,0.10532542655819599,0.10033538894298386
coalitions,scaled,sigmoid,0.1,0.0001,0.11128215080938313,0.10864502053888472
coalitions,scaled,linear,0.1,0.001,0.9842823616776901,0.4738446643339687
coalitions,scaled,poly,0.1,0.001,0.15963029992825656,0.11296910358869053
coalitions,scaled,rbf,0.1,0.001,0.10532542655819599,0.10033538894298386
coalitions,scaled,sigmoid,0.1,0.001,0.11129848144399915,0.10864502053888472
coalitions,scaled,linear,0.1,0.01,0.9846867094437229,0.47472859306673465
coalitions,scaled,poly,0.1,0.01,0.15963029992825656,0.11296910358869053
coalitions,scaled,rbf,0.1,0.01,0.10532542655819599,0.10033538894298386
coalitions,scaled,sigmoid,0.1,0.01,0.11110570351840628,0.10864502053888472
coalitions,scaled,linear,0.1,0.1,0.9841002316021878,0.4848888923240722
coalitions,scaled,poly,0.1,0.1,0.15961949308728998,0.11296910358869053
coalitions,scaled,rbf,0.1,0.1,0.10573391868707964,0.10033538894298386
coalitions,scaled,sigmoid,0.1,0.1,0.11019121618015973,0.10874695635433887
coalitions,scaled,linear,0.25,0.0001,0.9989025432711708,0.45254853245642035
coalitions,scaled,poly,0.25,0.0001,0.21591448102179628,0.11865163937648948
coalitions,scaled,rbf,0.25,0.0001,0.2095934158670803,0.1831763514417761
coalitions,scaled,sigmoid,0.25,0.0001,0.20630861279759838,0.19066825370127088
coalitions,scaled,linear,0.25,0.001,0.9989025432711708,0.45254853245642035
coalitions,scaled,poly,0.25,0.001,0.21591448102179628,0.11865163937648948
coalitions,scaled,rbf,0.25,0.001,0.2096879657270406,0.1831763514417761
coalitions,scaled,sigmoid,0.25,0.001,0.20630861279759838,0.19005260241488786
coalitions,scaled,linear,0.25,0.01,0.9989025432711708,0.45254853245642035
coalitions,scaled,poly,0.25,0.01,0.21591448102179628,0.11865163937648948
coalitions,scaled,rbf,0.25,0.01,0.2095934158670803,0.1831763514417761
coalitions,scaled,sigmoid,0.25,0.01,0.20641568738526545,0.19005228956904657
coalitions,scaled,linear,0.25,0.1,0.9989025432711708,0.4554728764221977
coalitions,scaled,poly,0.25,0.1,0.21573923951539645,0.11865163937648948
coalitions,scaled,rbf,0.25,0.1,0.20914778218138602,0.18375967642765115
coalitions,scaled,sigmoid,0.25,0.1,0.20633653600635743,0.18869330232120665
coalitions,scaled,linear,0.5,0.0001,1.0,0.45572547076049663
coalitions,scaled,poly,0.5,0.0001,0.2957238455686328,0.13949379713948915
coalitions,scaled,rbf,0.5,0.0001,0.23754950382298504,0.2020614422445887
coalitions,scaled,sigmoid,0.5,0.0001,0.2195330579731336,0.20385868822424066
coalitions,scaled,linear,0.5,0.001,1.0,0.45572547076049663
coalitions,scaled,poly,0.5,0.001,0.2957238455686328,0.13949379713948915
coalitions,scaled,rbf,0.5,0.001,0.23754950382298504,0.2020614422445887
coalitions,scaled,sigmoid,0.5,0.001,0.21952967959215508,0.20385868822424066
coalitions,scaled,linear,0.5,0.01,1.0,0.45572547076049663
coalitions,scaled,poly,0.5,0.01,0.2955720306343488,0.13949379713948915
coalitions,scaled,rbf,0.5,0.01,0.23754950382298504,0.2020614422445887
coalitions,scaled,sigmoid,0.5,0.01,0.21939222499979244,0.20460650508147998
coalitions,scaled,linear,0.5,0.1,1.0,0.4600451312970494
coalitions,scaled,poly,0.5,0.1,0.29496349483990014,0.13949536203831434
coalitions,scaled,rbf,0.5,0.1,0.23761407451877328,0.2012772027840292
coalitions,scaled,sigmoid,0.5,0.1,0.21803848368252132,0.2074304939723226
coalitions,scaled,linear,0.75,0.0001,1.0,0.454123640096881
coalitions,scaled,poly,0.75,0.0001,0.37852675311630934,0.15815660490448577
coalitions,scaled,rbf,0.75,0.0001,0.2749787990809117,0.2145196956600787
coalitions,scaled,sigmoid,0.75,0.0001,0.2220358830485422,0.21237858570759602
coalitions,scaled,linear,0.75,0.001,1.0,0.454123640096881
coalitions,scaled,poly,0.75,0.001,0.37852675311630934,0.15815660490448577
coalitions,scaled,rbf,0.75,0.001,0.2749787990809117,0.2145196956600787
coalitions,scaled,sigmoid,0.75,0.001,0.22187871590050118,0.21237858570759602
coalitions,scaled,linear,0.75,0.01,1.0,0.454123640096881
coalitions,scaled,poly,0.75,0.01,0.3783585403299481,0.15815660490448577
coalitions,scaled,rbf,0.75,0.01,0.2749768493073583,0.2145196956600787
coalitions,scaled,sigmoid,0.75,0.01,0.22203391025645564,0.21318125798085652
coalitions,scaled,linear,0.75,0.1,1.0,0.4591325747339622
coalitions,scaled,poly,0.75,0.1,0.378027884392259,0.15829869072432096
coalitions,scaled,rbf,0.75,0.1,0.2758508881464608,0.2147066860627424
coalitions,scaled,sigmoid,0.75,0.1,0.22040209810302072,0.21079966885565032
coalitions,scaled,linear,1.0,0.0001,1.0,0.454123640096881
coalitions,scaled,poly,1.0,0.0001,0.47567776216247326,0.17494745969535214
coalitions,scaled,rbf,1.0,0.0001,0.36562821914703747,0.22283379310258972
coalitions,scaled,sigmoid,1.0,0.0001,0.22380716405123105,0.21543240537529354
coalitions,scaled,linear,1.0,0.001,1.0,0.454123640096881
coalitions,scaled,poly,1.0,0.001,0.47567776216247326,0.17494745969535214
coalitions,scaled,rbf,1.0,0.001,0.36562821914703747,0.22283379310258972
coalitions,scaled,sigmoid,1.0,0.001,0.22380716405123105,0.21543240537529354
coalitions,scaled,linear,1.0,0.01,1.0,0.454123640096881
coalitions,scaled,poly,1.0,0.01,0.47567776216247326,0.17494745969535214
coalitions,scaled,rbf,1.0,0.01,0.36547238022240575,0.22283379310258972
coalitions,scaled,sigmoid,1.0,0.01,0.22349701280771334,0.2161850883648186
coalitions,scaled,linear,1.0,0.1,1.0,0.4591325747339622
coalitions,scaled,poly,1.0,0.1,0.47294209441140894,0.17366296016532828
coalitions,scaled,rbf,1.0,0.1,0.36823809019107684,0.22282702171766872
coalitions,scaled,sigmoid,1.0,0.1,0.22365081854198343,0.22410408198132364
coalitions,original,linear,0.1,0.0001,0.10210402691578775,0.09961097806667427
coalitions,original,poly,0.1,0.0001,0.1003400772842036,0.10033538894298386
coalitions,original,rbf,0.1,0.0001,0.1003400772842036,0.10033538894298386
coalitions,original,sigmoid,0.1,0.0001,0.1003400772842036,0.10033538894298386
coalitions,original,linear,0.1,0.001,0.10214094474289241,0.09961097806667427
coalitions,original,poly,0.1,0.001,0.1003400772842036,0.10033538894298386
coalitions,original,rbf,0.1,0.001,0.1003400772842036,0.10033538894298386
coalitions,original,sigmoid,0.1,0.001,0.1003400772842036,0.10033538894298386
coalitions,original,linear,0.1,0.01,0.10214094474289241,0.09961097806667427
coalitions,original,poly,0.1,0.01,0.1003400772842036,0.10033538894298386
coalitions,original,rbf,0.1,0.01,0.1003400772842036,0.10033538894298386
coalitions,original,sigmoid,0.1,0.01,0.1003400772842036,0.10033538894298386
coalitions,original,linear,0.1,0.1,0.10145685692759254,0.10011658894070619
coalitions,original,poly,0.1,0.1,0.1003400772842036,0.10033538894298386
coalitions,original,rbf,0.1,0.1,0.1003400772842036,0.10033538894298386
coalitions,original,sigmoid,0.1,0.1,0.1003400772842036,0.10033538894298386
coalitions,original,linear,0.25,0.0001,0.18951391161059092,0.17367889658038094
coalitions,original,poly,0.25,0.0001,0.1003400772842036,0.10033538894298386
coalitions,original,rbf,0.25,0.0001,0.1003400772842036,0.10033538894298386
coalitions,original,sigmoid,0.25,0.0001,0.1003400772842036,0.10033538894298386
coalitions,original,linear,0.25,0.001,0.18951391161059092,0.17367889658038094
coalitions,original,poly,0.25,0.001,0.1003400772842036,0.10033538894298386
coalitions,original,rbf,0.25,0.001,0.1003400772842036,0.10033538894298386
coalitions,original,sigmoid,0.25,0.001,0.1003400772842036,0.10033538894298386
coalitions,original,linear,0.25,0.01,0.18948965357336314,0.17305777856795856
coalitions,original,poly,0.25,0.01,0.1003400772842036,0.10033538894298386
coalitions,original,rbf,0.25,0.01,0.1003400772842036,0.10033538894298386
coalitions,original,sigmoid,0.25,0.01,0.1003400772842036,0.10033538894298386
coalitions,original,linear,0.25,0.1,0.18911415886598432,0.17090984600374365
coalitions,original,poly,0.25,0.1,0.1003400772842036,0.10033538894298386
coalitions,original,rbf,0.25,0.1,0.1003400772842036,0.10033538894298386
coalitions,original,sigmoid,0.25,0.1,0.1003400772842036,0.10033538894298386
coalitions,original,linear,0.5,0.0001,0.21998175682642476,0.2049266753269186
coalitions,original,poly,0.5,0.0001,0.1003400772842036,0.10033538894298386
coalitions,original,rbf,0.5,0.0001,0.1003400772842036,0.10033538894298386
coalitions,original,sigmoid,0.5,0.0001,0.1003400772842036,0.10033538894298386
coalitions,original,linear,0.5,0.001,0.21998175682642476,0.2049266753269186
coalitions,original,poly,0.5,0.001,0.1003400772842036,0.10033538894298386
coalitions,original,rbf,0.5,0.001,0.1003400772842036,0.10033538894298386
coalitions,original,sigmoid,0.5,0.001,0.1003400772842036,0.10033538894298386
coalitions,original,linear,0.5,0.01,0.22014495771062537,0.2049266753269186
coalitions,original,poly,0.5,0.01,0.1003400772842036,0.10033538894298386
coalitions,original,rbf,0.5,0.01,0.1003400772842036,0.10033538894298386
coalitions,original,sigmoid,0.5,0.01,0.1003400772842036,0.10033538894298386
coalitions,original,linear,0.5,0.1,0.22047420972740134,0.2034670366855002
coalitions,original,poly,0.5,0.1,0.1003400772842036,0.10033538894298386
coalitions,original,rbf,0.5,0.1,0.1003400772842036,0.10033538894298386
coalitions,original,sigmoid,0.5,0.1,0.1003400772842036,0.10033538894298386
coalitions,original,linear,0.75,0.0001,0.23581113366051146,0.21154869143852725
coalitions,original,poly,0.75,0.0001,0.1003400772842036,0.10033538894298386
coalitions,original,rbf,0.75,0.0001,0.1003400772842036,0.10033538894298386
coalitions,original,sigmoid,0.75,0.0001,0.1003400772842036,0.10033538894298386
coalitions,original,linear,0.75,0.001,0.23581113366051146,0.21154869143852725
coalitions,original,poly,0.75,0.001,0.1003400772842036,0.10033538894298386
coalitions,original,rbf,0.75,0.001,0.1003400772842036,0.10033538894298386
coalitions,original,sigmoid,0.75,0.001,0.1003400772842036,0.10033538894298386
coalitions,original,linear,0.75,0.01,0.23571825814803046,0.21092963460329375
coalitions,original,poly,0.75,0.01,0.1003400772842036,0.10033538894298386
coalitions,original,rbf,0.75,0.01,0.1003400772842036,0.10033538894298386
coalitions,original,sigmoid,0.75,0.01,0.1003400772842036,0.10033538894298386
coalitions,original,linear,0.75,0.1,0.23592695686125068,0.2101477949595615
coalitions,original,poly,0.75,0.1,0.1003400772842036,0.10033538894298386
coalitions,original,rbf,0.75,0.1,0.1003400772842036,0.10033538894298386
coalitions,original,sigmoid,0.75,0.1,0.1003400772842036,0.10033538894298386
coalitions,original,linear,1.0,0.0001,0.2512298750578237,0.21833136038860995
coalitions,original,poly,1.0,0.0001,0.1003400772842036,0.10033538894298386
coalitions,original,rbf,1.0,0.0001,0.1003400772842036,0.10033538894298386
coalitions,original,sigmoid,1.0,0.0001,0.1003400772842036,0.10033538894298386
coalitions,original,linear,1.0,0.001,0.2512298750578237,0.21833136038860995
coalitions,original,poly,1.0,0.001,0.1003400772842036,0.10033538894298386
coalitions,original,rbf,1.0,0.001,0.1003400772842036,0.10033538894298386
coalitions,original,sigmoid,1.0,0.001,0.1003400772842036,0.10033538894298386
coalitions,original,linear,1.0,0.01,0.2511514978593835,0.21833136038860995
coalitions,original,poly,1.0,0.01,0.1003400772842036,0.10033538894298386
coalitions,original,rbf,1.0,0.01,0.1003400772842036,0.10033538894298386
coalitions,original,sigmoid,1.0,0.01,0.1003400772842036,0.10033538894298386
coalitions,original,linear,1.0,0.1,0.25186817548361,0.21841803146089692
coalitions,original,poly,1.0,0.1,0.1003400772842036,0.10033538894298386
coalitions,original,rbf,1.0,0.1,0.1003400772842036,0.10033538894298386
coalitions,original,sigmoid,1.0,0.1,0.1003400772842036,0.10033538894298386
coalitions,minmax,linear,0.1,0.0001,0.279137270169089,0.23676140257266373
coalitions,minmax,poly,0.1,0.0001,0.3837376718701774,0.2350226121815822
coalitions,minmax,rbf,0.1,0.0001,0.1003400772842036,0.10033538894298386
coalitions,minmax,sigmoid,0.1,0.0001,0.1003400772842036,0.10033538894298386
coalitions,minmax,linear,0.1,0.001,0.2783451064039629,0.23676140257266373
coalitions,minmax,poly,0.1,0.001,0.3837376718701774,0.2350226121815822
coalitions,minmax,rbf,0.1,0.001,0.1003400772842036,0.10033538894298386
coalitions,minmax,sigmoid,0.1,0.001,0.1003400772842036,0.10033538894298386
coalitions,minmax,linear,0.1,0.01,0.2784093109932927,0.23676140257266373
coalitions,minmax,poly,0.1,0.01,0.3838108168727058,0.23567966578316465
coalitions,minmax,rbf,0.1,0.01,0.1003400772842036,0.10033538894298386
coalitions,minmax,sigmoid,0.1,0.01,0.1003400772842036,0.10033538894298386
coalitions,minmax,linear,0.1,0.1,0.2801434298882793,0.23657329123998946
coalitions,minmax,poly,0.1,0.1,0.38652009754105365,0.235769228178171
coalitions,minmax,rbf,0.1,0.1,0.1003400772842036,0.10033538894298386
coalitions,minmax,sigmoid,0.1,0.1,0.1003400772842036,0.10033538894298386
coalitions,minmax,linear,0.25,0.0001,0.4196433840634928,0.24785559459216241
coalitions,minmax,poly,0.25,0.0001,0.6472345815497313,0.34297810562877634
coalitions,minmax,rbf,0.25,0.0001,0.1091414506167955,0.10720897037519288
coalitions,minmax,sigmoid,0.25,0.0001,0.1003400772842036,0.10033538894298386
coalitions,minmax,linear,0.25,0.001,0.4196433840634928,0.24785559459216241
coalitions,minmax,poly,0.25,0.001,0.6472216863542033,0.34297810562877634
coalitions,minmax,rbf,0.25,0.001,0.1091414506167955,0.10720897037519288
coalitions,minmax,sigmoid,0.25,0.001,0.1003400772842036,0.10033538894298386
coalitions,minmax,linear,0.25,0.01,0.4195508898894982,0.24765516289311834
coalitions,minmax,poly,0.25,0.01,0.6472919617506279,0.34297810562877634
coalitions,minmax,rbf,0.25,0.01,0.1091414506167955,0.10720897037519288
coalitions,minmax,sigmoid,0.25,0.01,0.1003400772842036,0.10033538894298386
coalitions,minmax,linear,0.25,0.1,0.41717581450230545,0.24687996909466872
coalitions,minmax,poly,0.25,0.1,0.645492847359115,0.338467277018598
coalitions,minmax,rbf,0.25,0.1,0.11048497568128549,0.10919402236024486
coalitions,minmax,sigmoid,0.25,0.1,0.1003400772842036,0.10033538894298386
coalitions,minmax,linear,0.5,0.0001,0.6002128194058127,0.334917341147097
coalitions,minmax,poly,0.5,0.0001,0.8271168061841155,0.40294457356641117
coalitions,minmax,rbf,0.5,0.0001,0.20220363022771531,0.1847982048820731
coalitions,minmax,sigmoid,0.5,0.0001,0.1003400772842036,0.10033538894298386
coalitions,minmax,linear,0.5,0.001,0.600123884775099,0.334917341147097
coalitions,minmax,poly,0.5,0.001,0.8271168061841155,0.40294457356641117
coalitions,minmax,rbf,0.5,0.001,0.20220363022771531,0.1847982048820731
coalitions,minmax,sigmoid,0.5,0.001,0.1003400772842036,0.10033538894298386
coalitions,minmax,linear,0.5,0.01,0.6005551533370296,0.334917341147097
coalitions,minmax,poly,0.5,0.01,0.8273075868938747,0.40169036481220244
coalitions,minmax,rbf,0.5,0.01,0.20220074065527238,0.18479975606329763
coalitions,minmax,sigmoid,0.5,0.01,0.1003400772842036,0.10033538894298386
coalitions,minmax,linear,0.5,0.1,0.6036283349977495,0.34084511083471714
coalitions,minmax,poly,0.5,0.1,0.8294331472115111,0.40742390255507865
coalitions,minmax,rbf,0.5,0.1,0.20200500683983566,0.18394376649618596
coalitions,minmax,sigmoid,0.5,0.1,0.1003400772842036,0.10033538894298386
coalitions,minmax,linear,0.75,0.0001,0.7258303443240743,0.3745690634020594
coalitions,minmax,poly,0.75,0.0001,0.901210252350538,0.44890626101537034
coalitions,minmax,rbf,0.75,0.0001,0.22714709688339602,0.2018419389317913
coalitions,minmax,sigmoid,0.75,0.0001,0.1003400772842036,0.10033538894298386
coalitions,minmax,linear,0.75,0.001,0.7258303443240743,0.3745690634020594
coalitions,minmax,poly,0.75,0.001,0.9013009094660308,0.44890626101537034
coalitions,minmax,rbf,0.75,0.001,0.22714709688339602,0.2018419389317913
coalitions,minmax,sigmoid,0.75,0.001,0.1003400772842036,0.10033538894298386
coalitions,minmax,linear,0.75,0.01,0.725920046542927,0.3755696818312492
coalitions,minmax,poly,0.75,0.01,0.9012945028107247,0.44890626101537034
coalitions,minmax,rbf,0.75,0.01,0.22714639664919806,0.2018419389317913
coalitions,minmax,sigmoid,0.75,0.01,0.1003400772842036,0.10033538894298386
coalitions,minmax,linear,0.75,0.1,0.723811511215394,0.3779920656784051
coalitions,minmax,poly,0.75,0.1,0.9002798150084699,0.44221550861751047
coalitions,minmax,rbf,0.75,0.1,0.22696544537527644,0.2000710552949029
coalitions,minmax,sigmoid,0.75,0.1,0.1003400772842036,0.10033538894298386
coalitions,minmax,linear,1.0,0.0001,0.7913748839501071,0.4002050209817144
coalitions,minmax,poly,1.0,0.0001,0.9365643580512852,0.4687620742555746
coalitions,minmax,rbf,1.0,0.0001,0.2459848197464829,0.20605210219180597
coalitions,minmax,sigmoid,1.0,0.0001,0.1003400772842036,0.10033538894298386
coalitions,minmax,linear,1.0,0.001,0.7913748839501071,0.4002050209817144
coalitions,minmax,poly,1.0,0.001,0.9365643580512852,0.4687620742555746
coalitions,minmax,rbf,1.0,0.001,0.2459848197464829,0.20605210219180597
coalitions,minmax,sigmoid,1.0,0.001,0.1003400772842036,0.10033538894298386
coalitions,minmax,linear,1.0,0.01,0.7888215629251182,0.4002050209817144
coalitions,minmax,poly,1.0,0.01,0.9365643580512852,0.4687620742555746
coalitions,minmax,rbf,1.0,0.01,0.24607086882863163,0.2060250307433654
coalitions,minmax,sigmoid,1.0,0.01,0.1003400772842036,0.10033538894298386
coalitions,minmax,linear,1.0,0.1,0.787983611249244,0.4022547559931219
coalitions,minmax,poly,1.0,0.1,0.9368562922580363,0.4670160425095428
coalitions,minmax,rbf,1.0,0.1,0.24551804792272294,0.20607612188413502
coalitions,minmax,sigmoid,1.0,0.1,0.1003400772842036,0.10033538894298386
parties,scaled,linear,0.1,0.0001,0.9951375063375638,0.21079425714273517
parties,scaled,poly,0.1,0.0001,0.05181801660158232,0.04836856164851534
parties,scaled,rbf,0.1,0.0001,0.026624994504461496,0.04428533907985962
parties,scaled,sigmoid,0.1,0.0001,0.02782318904275971,0.04542874703027806
parties,scaled,linear,0.1,0.001,0.9951375063375638,0.21079425714273517
parties,scaled,poly,0.1,0.001,0.05181801660158232,0.04836856164851534
parties,scaled,rbf,0.1,0.001,0.026624994504461496,0.04428533907985962
parties,scaled,sigmoid,0.1,0.001,0.027826091731906043,0.04542874703027806
parties,scaled,linear,0.1,0.01,0.9951375063375638,0.21079425714273517
parties,scaled,poly,0.1,0.01,0.05181801660158232,0.04836856164851534
parties,scaled,rbf,0.1,0.01,0.026624994504461496,0.04428533907985962
parties,scaled,sigmoid,0.1,0.01,0.02782392383205632,0.04542874703027806
parties,scaled,linear,0.1,0.1,0.9951375063375638,0.2131724342267353
parties,scaled,poly,0.1,0.1,0.05181801660158232,0.04836856164851534
parties,scaled,rbf,0.1,0.1,0.026626511848920443,0.04428533907985962
parties,scaled,sigmoid,0.1,0.1,0.028195599737169563,0.04577464147435168
parties,scaled,linear,0.25,0.0001,0.9999673281323631,0.21504644409087637
parties,scaled,poly,0.25,0.0001,0.10790679849300552,0.04870369137688509
parties,scaled,rbf,0.25,0.0001,0.05469626245183248,0.08339915987464634
parties,scaled,sigmoid,0.25,0.0001,0.05231125068794912,0.08002938194738521
parties,scaled,linear,0.25,0.001,0.9999673281323631,0.21504644409087637
parties,scaled,poly,0.25,0.001,0.10790679849300552,0.04870369137688509
parties,scaled,rbf,0.25,0.001,0.0546956118446353,0.08339915987464634
parties,scaled,sigmoid,0.25,0.001,0.052306531487887206,0.08043766597105385
parties,scaled,linear,0.25,0.01,0.9999673281323631,0.21504644409087637
parties,scaled,poly,0.25,0.01,0.10790679849300552,0.04870369137688509
parties,scaled,rbf,0.25,0.01,0.05467754292342619,0.08339915987464634
parties,scaled,sigmoid,0.25,0.01,0.05225930873331436,0.08043766597105385
parties,scaled,linear,0.25,0.1,0.9999673281323631,0.21555686672323932
parties,scaled,poly,0.25,0.1,0.10819089880055177,0.04870369137688509
parties,scaled,rbf,0.25,0.1,0.05459261867490871,0.08345461154639484
parties,scaled,sigmoid,0.25,0.1,0.052687137948598625,0.08128108723550752
parties,scaled,linear,0.5,0.0001,1.0,0.21511484078323534
parties,scaled,poly,0.5,0.0001,0.1548041318750726,0.06480226064784889
parties,scaled,rbf,0.5,0.0001,0.06155146260067333,0.09146314412482844
parties,scaled,sigmoid,0.5,0.0001,0.05597996243267441,0.09162846113507127
parties,scaled,linear,0.5,0.001,1.0,0.21511484078323534
parties,scaled,poly,0.5,0.001,0.1548041318750726,0.06480226064784889
parties,scaled,rbf,0.5,0.001,0.06155146260067333,0.09146314412482844
parties,scaled,sigmoid,0.5,0.001,0.05595603898769833,0.09162846113507127
parties,scaled,linear,0.5,0.01,1.0,0.21511484078323534
parties,scaled,poly,0.5,0.01,0.15479843394473514,0.06480226064784889
parties,scaled,rbf,0.5,0.01,0.06155119234420102,0.09146314412482844
parties,scaled,sigmoid,0.5,0.01,0.05628847454385334,0.09132655363268187
parties,scaled,linear,0.5,0.1,1.0,0.21000082056485234
parties,scaled,poly,0.5,0.1,0.15430152991542315,0.06257155065523
parties,scaled,rbf,0.5,0.1,0.06183857541093303,0.09041151506891265
parties,scaled,sigmoid,0.5,0.1,0.05596196993475431,0.09094363337249775
parties,scaled,linear,0.75,0.0001,1.0,0.21511484078323534
parties,scaled,poly,0.75,0.0001,0.22362623154891298,0.0649181711499311
parties,scaled,rbf,0.75,0.0001,0.07406479780070194,0.095749557335849
parties,scaled,sigmoid,0.75,0.0001,0.061481994296965194,0.09329603115607059
parties,scaled,linear,0.75,0.001,1.0,0.21511484078323534
parties,scaled,poly,0.75,0.001,0.22362623154891298,0.0649181711499311
parties,scaled,rbf,0.75,0.001,0.07425097512787836,0.095749557335849
parties,scaled,sigmoid,0.75,0.001,0.061481994296965194,0.09329603115607059
parties,scaled,linear,0.75,0.01,1.0,0.21511484078323534
parties,scaled,poly,0.75,0.01,0.22366600949229704,0.06525241442245289
parties,scaled,rbf,0.75,0.01,0.07406479780070194,0.095749557335849
parties,scaled,sigmoid,0.75,0.01,0.06143991834286161,0.09329603115607059
parties,scaled,linear,0.75,0.1,1.0,0.21000082056485234
parties,scaled,poly,0.75,0.1,0.2243155863834046,0.06466426529570943
parties,scaled,rbf,0.75,0.1,0.07444906135531301,0.09584874977403987
parties,scaled,sigmoid,0.75,0.1,0.0614263149038504,0.09215025104280891
parties,scaled,linear,1.0,0.0001,1.0,0.21511484078323534
parties,scaled,poly,1.0,0.0001,0.3027508098112436,0.07611536537949459
parties,scaled,rbf,1.0,0.0001,0.10126616971174467,0.09943779951403948
parties,scaled,sigmoid,1.0,0.0001,0.06398253381821754,0.10474433206108405
parties,scaled,linear,1.0,0.001,1.0,0.21511484078323534
parties,scaled,poly,1.0,0.001,0.3027508098112436,0.07611363450963186
parties,scaled,rbf,1.0,0.001,0.10126616971174467,0.09943779951403948
parties,scaled,sigmoid,1.0,0.001,0.06401005894748504,0.10474433206108405
parties,scaled,linear,1.0,0.01,1.0,0.21511484078323534
parties,scaled,poly,1.0,0.01,0.30277841792270427,0.07611363450963186
parties,scaled,rbf,1.0,0.01,0.10141878311684371,0.09943779951403948
parties,scaled,sigmoid,1.0,0.01,0.06400625130182327,0.10474433206108405
parties,scaled,linear,1.0,0.1,1.0,0.21000082056485234
parties,scaled,poly,1.0,0.1,0.3038536046894693,0.07755390852168645
parties,scaled,rbf,1.0,0.1,0.11241916973361665,0.09908361359053582
parties,scaled,sigmoid,1.0,0.1,0.06381490825940409,0.1036293910321228
parties,original,linear,0.1,0.0001,0.026069535415617108,0.04397440787851746
parties,original,poly,0.1,0.0001,0.0257971418048435,0.044052693367761867
parties,original,rbf,0.1,0.0001,0.0257971418048435,0.044052693367761867
parties,original,sigmoid,0.1,0.0001,0.0257971418048435,0.044052693367761867
parties,original,linear,0.1,0.001,0.026069535415617108,0.04397440787851746
parties,original,poly,0.1,0.001,0.0257971418048435,0.044052693367761867
parties,original,rbf,0.1,0.001,0.0257971418048435,0.044052693367761867
parties,original,sigmoid,0.1,0.001,0.0257971418048435,0.044052693367761867
parties,original,linear,0.1,0.01,0.026125215498938988,0.04397440787851746
parties,original,poly,0.1,0.01,0.0257971418048435,0.044052693367761867
parties,original,rbf,0.1,0.01,0.0257971418048435,0.044052693367761867
parties,original,sigmoid,0.1,0.01,0.0257971418048435,0.044052693367761867
parties,original,linear,0.1,0.1,0.02625301603866847,0.04397440787851746
parties,original,poly,0.1,0.1,0.0257971418048435,0.044052693367761867
parties,original,rbf,0.1,0.1,0.0257971418048435,0.044052693367761867
parties,original,sigmoid,0.1,0.1,0.0257971418048435,0.044052693367761867
parties,original,linear,0.25,0.0001,0.04728771994213786,0.07370284597010157
parties,original,poly,0.25,0.0001,0.0257971418048435,0.044052693367761867
parties,original,rbf,0.25,0.0001,0.0257971418048435,0.044052693367761867
parties,original,sigmoid,0.25,0.0001,0.0257971418048435,0.044052693367761867
parties,original,linear,0.25,0.001,0.04729673761477847,0.07370284597010157
parties,original,poly,0.25,0.001,0.0257971418048435,0.044052693367761867
parties,original,rbf,0.25,0.001,0.0257971418048435,0.044052693367761867
parties,original,sigmoid,0.25,0.001,0.0257971418048435,0.044052693367761867
parties,original,linear,0.25,0.01,0.047344490871001246,0.07370284597010157
parties,original,poly,0.25,0.01,0.0257971418048435,0.044052693367761867
parties,original,rbf,0.25,0.01,0.0257971418048435,0.044052693367761867
parties,original,sigmoid,0.25,0.01,0.0257971418048435,0.044052693367761867
parties,original,linear,0.25,0.1,0.04737975649418022,0.07261855014896364
parties,original,poly,0.25,0.1,0.0257971418048435,0.044052693367761867
parties,original,rbf,0.25,0.1,0.0257971418048435,0.044052693367761867
parties,original,sigmoid,0.25,0.1,0.0257971418048435,0.044052693367761867
parties,original,linear,0.5,0.0001,0.05752630186749258,0.0925821745617345
parties,original,poly,0.5,0.0001,0.0257971418048435,0.044052693367761867
parties,original,rbf,0.5,0.0001,0.0257971418048435,0.044052693367761867
parties,original,sigmoid,0.5,0.0001,0.0257971418048435,0.044052693367761867
parties,original,linear,0.5,0.001,0.05752630186749258,0.0925821745617345
parties,original,poly,0.5,0.001,0.0257971418048435,0.044052693367761867
parties,original,rbf,0.5,0.001,0.0257971418048435,0.044052693367761867
parties,original,sigmoid,0.5,0.001,0.0257971418048435,0.044052693367761867
parties,original,linear,0.5,0.01,0.057604814599746035,0.0925821745617345
parties,original,poly,0.5,0.01,0.0257971418048435,0.044052693367761867
parties,original,rbf,0.5,0.01,0.0257971418048435,0.044052693367761867
parties,original,sigmoid,0.5,0.01,0.0257971418048435,0.044052693367761867
parties,original,linear,0.5,0.1,0.057654362139265246,0.09210307452968171
parties,original,poly,0.5,0.1,0.0257971418048435,0.044052693367761867
parties,original,rbf,0.5,0.1,0.0257971418048435,0.044052693367761867
parties,original,sigmoid,0.5,0.1,0.0257971418048435,0.044052693367761867
parties,original,linear,0.75,0.0001,0.06174200760909206,0.09587069173735883
parties,original,poly,0.75,0.0001,0.0257971418048435,0.044052693367761867
parties,original,rbf,0.75,0.0001,0.0257971418048435,0.044052693367761867
parties,original,sigmoid,0.75,0.0001,0.0257971418048435,0.044052693367761867
parties,original,linear,0.75,0.001,0.06174200760909206,0.09587069173735883
parties,original,poly,0.75,0.001,0.0257971418048435,0.044052693367761867
parties,original,rbf,0.75,0.001,0.0257971418048435,0.044052693367761867
parties,original,sigmoid,0.75,0.001,0.0257971418048435,0.044052693367761867
parties,original,linear,0.75,0.01,0.061507505846145547,0.09587069173735883
parties,original,poly,0.75,0.01,0.0257971418048435,0.044052693367761867
parties,original,rbf,0.75,0.01,0.0257971418048435,0.044052693367761867
parties,original,sigmoid,0.75,0.01,0.0257971418048435,0.044052693367761867
parties,original,linear,0.75,0.1,0.06221259104288188,0.09587069173735883
parties,original,poly,0.75,0.1,0.0257971418048435,0.044052693367761867
parties,original,rbf,0.75,0.1,0.0257971418048435,0.044052693367761867
parties,original,sigmoid,0.75,0.1,0.0257971418048435,0.044052693367761867
parties,original,linear,1.0,0.0001,0.06593143895987272,0.09998445805005263
parties,original,poly,1.0,0.0001,0.0257971418048435,0.044052693367761867
parties,original,rbf,1.0,0.0001,0.0257971418048435,0.044052693367761867
parties,original,sigmoid,1.0,0.0001,0.0257971418048435,0.044052693367761867
parties,original,linear,1.0,0.001,0.06595565203493324,0.09998445805005263
parties,original,poly,1.0,0.001,0.0257971418048435,0.044052693367761867
parties,original,rbf,1.0,0.001,0.0257971418048435,0.044052693367761867
parties,original,sigmoid,1.0,0.001,0.0257971418048435,0.044052693367761867
parties,original,linear,1.0,0.01,0.06612508621599156,0.09957123490955674
parties,original,poly,1.0,0.01,0.0257971418048435,0.044052693367761867
parties,original,rbf,1.0,0.01,0.0257971418048435,0.044052693367761867
parties,original,sigmoid,1.0,0.01,0.0257971418048435,0.044052693367761867
parties,original,linear,1.0,0.1,0.0659902564337303,0.09958041764601222
parties,original,poly,1.0,0.1,0.0257971418048435,0.044052693367761867
parties,original,rbf,1.0,0.1,0.0257971418048435,0.044052693367761867
parties,original,sigmoid,1.0,0.1,0.0257971418048435,0.044052693367761867
parties,minmax,linear,0.1,0.0001,0.07345194320123229,0.10266645908113987
parties,minmax,poly,0.1,0.0001,0.12991884729094108,0.11326928465943249
parties,minmax,rbf,0.1,0.0001,0.0257971418048435,0.044052693367761867
parties,minmax,sigmoid,0.1,0.0001,0.0257971418048435,0.044052693367761867
parties,minmax,linear,0.1,0.001,0.07343017503813344,0.10266645908113987
parties,minmax,poly,0.1,0.001,0.12991884729094108,0.11326928465943249
parties,minmax,rbf,0.1,0.001,0.0257971418048435,0.044052693367761867
parties,minmax,sigmoid,0.1,0.001,0.0257971418048435,0.044052693367761867
parties,minmax,linear,0.1,0.01,0.0734563838043263,0.10266645908113987
parties,minmax,poly,0.1,0.01,0.1302734262687849,0.11289370023935867
parties,minmax,rbf,0.1,0.01,0.0257971418048435,0.044052693367761867
parties,minmax,sigmoid,0.1,0.01,0.0257971418048435,0.044052693367761867
parties,minmax,linear,0.1,0.1,0.07322969028650564,0.09933840817466663
parties,minmax,poly,0.1,0.1,0.1309635350626843,0.11379847011278374
parties,minmax,rbf,0.1,0.1,0.0257971418048435,0.044052693367761867
parties,minmax,sigmoid,0.1,0.1,0.0257971418048435,0.044052693367761867
parties,minmax,linear,0.25,0.0001,0.1517091466287106,0.10958048284515823
parties,minmax,poly,0.25,0.0001,0.43134287536116833,0.14654301739191794
parties,minmax,rbf,0.25,0.0001,0.026869212636715278,0.043955673270741756
parties,minmax,sigmoid,0.25,0.0001,0.0257971418048435,0.044052693367761867
parties,minmax,linear,0.25,0.001,0.1517091466287106,0.11271618771999355
parties,minmax,poly,0.25,0.001,0.43134287536116833,0.14654301739191794
parties,minmax,rbf,0.25,0.001,0.026869212636715278,0.043955673270741756
parties,minmax,sigmoid,0.25,0.001,0.0257971418048435,0.044052693367761867
parties,minmax,linear,0.25,0.01,0.14531876922455733,0.11228228054190033
parties,minmax,poly,0.25,0.01,0.43303807639520164,0.1469042063119304
parties,minmax,rbf,0.25,0.01,0.0269420117366722,0.043955673270741756
parties,minmax,sigmoid,0.25,0.01,0.0257971418048435,0.044052693367761867
parties,minmax,linear,0.25,0.1,0.15053328907928684,0.11286258983865594
parties,minmax,poly,0.25,0.1,0.4365491595657785,0.13911771540701
parties,minmax,rbf,0.25,0.1,0.027468196878629874,0.04400978428375688
parties,minmax,sigmoid,0.25,0.1,0.0257971418048435,0.044052693367761867
parties,minmax,linear,0.5,0.0001,0.396535105607368,0.15385422847252958
parties,minmax,poly,0.5,0.0001,0.6857726915809843,0.17278889910898573
parties,minmax,rbf,0.5,0.0001,0.0531350718502386,0.08240982116858547
parties,minmax,sigmoid,0.5,0.0001,0.0257971418048435,0.044052693367761867
parties,minmax,linear,0.5,0.001,0.396535105607368,0.15385422847252958
parties,minmax,poly,0.5,0.001,0.6857726915809843,0.17278889910898573
parties,minmax,rbf,0.5,0.001,0.0531350718502386,0.08240982116858547
parties,minmax,sigmoid,0.5,0.001,0.0257971418048435,0.044052693367761867
parties,minmax,linear,0.5,0.01,0.39648700768458184,0.15385422847252958
parties,minmax,poly,0.5,0.01,0.685802353747137,0.17278889910898573
parties,minmax,rbf,0.5,0.01,0.053196087529415716,0.08240982116858547
parties,minmax,sigmoid,0.5,0.01,0.0257971418048435,0.044052693367761867
parties,minmax,linear,0.5,0.1,0.4013499286120504,0.14668446120642295
parties,minmax,poly,0.5,0.1,0.6827970269583254,0.17386245096283776
parties,minmax,rbf,0.5,0.1,0.05326723222633324,0.08026053914475972
parties,minmax,sigmoid,0.5,0.1,0.0257971418048435,0.044052693367761867
parties,minmax,linear,0.75,0.0001,0.5574006542270233,0.17167800346811993
parties,minmax,poly,0.75,0.0001,0.7937441620653783,0.20869044293327713
parties,minmax,rbf,0.75,0.0001,0.06160766341881409,0.08779427770088222
parties,minmax,sigmoid,0.75,0.0001,0.0257971418048435,0.044052693367761867
parties,minmax,linear,0.75,0.001,0.5574006542270233,0.17167800346811993
parties,minmax,poly,0.75,0.001,0.7937441620653783,0.20869044293327713
parties,minmax,rbf,0.75,0.001,0.06163372358392098,0.08779427770088222
parties,minmax,sigmoid,0.75,0.001,0.0257971418048435,0.044052693367761867
parties,minmax,linear,0.75,0.01,0.5573740967090427,0.17151402016460174
parties,minmax,poly,0.75,0.01,0.7934860834544173,0.20892462706005327
parties,minmax,rbf,0.75,0.01,0.06158082243914004,0.08779427770088222
parties,minmax,sigmoid,0.75,0.01,0.0257971418048435,0.044052693367761867
parties,minmax,linear,0.75,0.1,0.5577785038672489,0.17412373794708963
parties,minmax,poly,0.75,0.1,0.7939587424114978,0.2117828435679435
parties,minmax,rbf,0.75,0.1,0.06157279232932955,0.08867494656145031
parties,minmax,sigmoid,0.75,0.1,0.0257971418048435,0.044052693367761867
parties,minmax,linear,1.0,0.0001,0.6444503344943577,0.1754093164195662
parties,minmax,poly,1.0,0.0001,0.8362561771787546,0.22076747444385264
parties,minmax,rbf,1.0,0.0001,0.0649188214988233,0.09236996969130025
parties,minmax,sigmoid,1.0,0.0001,0.0257971418048435,0.044052693367761867
parties,minmax,linear,1.0,0.001,0.6444503344943577,0.1729635570507299
parties,minmax,poly,1.0,0.001,0.8362561771787546,0.22076747444385264
parties,minmax,rbf,1.0,0.001,0.0649188214988233,0.09236996969130025
parties,minmax,sigmoid,1.0,0.001,0.0257971418048435,0.044052693367761867
parties,minmax,linear,1.0,0.01,0.6419097203052002,0.1724581727107591
parties,minmax,poly,1.0,0.01,0.8362561771787546,0.22077935798514794
parties,minmax,rbf,1.0,0.01,0.06491606246872882,0.09236996969130025
parties,minmax,sigmoid,1.0,0.01,0.0257971418048435,0.044052693367761867
parties,minmax,linear,1.0,0.1,0.641556043369926,0.17447712202438265
parties,minmax,poly,1.0,0.1,0.8366170993930264,0.22129889089408775
parties,minmax,rbf,1.0,0.1,0.06450312604389738,0.09208802347367236
parties,minmax,sigmoid,1.0,0.1,0.0257971418048435,0.044052693367761867
positions,scaled,linear,0.1,0.0001,0.974021400198551,0.31915848823433324
positions,scaled,poly,0.1,0.0001,0.1806616791104417,0.14492637204844178
positions,scaled,rbf,0.1,0.0001,0.09112463100031773,0.11140198419426028
positions,scaled,sigmoid,0.1,0.0001,0.09112463100031773,0.11140198419426028
positions,scaled,linear,0.1,0.001,0.974021400198551,0.31915848823433324
positions,scaled,poly,0.1,0.001,0.1806616791104417,0.14492637204844178
positions,scaled,rbf,0.1,0.001,0.09112463100031773,0.11140198419426028
positions,scaled,sigmoid,0.1,0.001,0.09112463100031773,0.11140198419426028
positions,scaled,linear,0.1,0.01,0.9738582069938332,0.31929430312366924
positions,scaled,poly,0.1,0.01,0.1806616791104417,0.14492637204844178
positions,scaled,rbf,0.1,0.01,0.09112463100031773,0.11140198419426028
positions,scaled,sigmoid,0.1,0.01,0.09112463100031773,0.11140198419426028
positions,scaled,linear,0.1,0.1,0.9739157299814846,0.318674159177802
positions,scaled,poly,0.1,0.1,0.1806616791104417,0.14492637204844178
positions,scaled,rbf,0.1,0.1,0.09112463100031773,0.11140198419426028
positions,scaled,sigmoid,0.1,0.1,0.09112463100031773,0.11140198419426028
positions,scaled,linear,0.25,0.0001,0.9953274813538272,0.3251518357046434
positions,scaled,poly,0.25,0.0001,0.2468308571280054,0.14981735408228097
positions,scaled,rbf,0.25,0.0001,0.09112463100031773,0.11140198419426028
positions,scaled,sigmoid,0.25,0.0001,0.09110934876979257,0.1114509835652893
positions,scaled,linear,0.25,0.001,0.9953274813538272,0.3251518357046434
positions,scaled,poly,0.25,0.001,0.2468308571280054,0.14981735408228097
positions,scaled,rbf,0.25,0.001,0.09112463100031773,0.11140198419426028
positions,scaled,sigmoid,0.25,0.001,0.09110934876979257,0.1114509835652893
positions,scaled,linear,0.25,0.01,0.9953274813538272,0.3251518357046434
positions,scaled,poly,0.25,0.01,0.2468308571280054,0.14981735408228097
positions,scaled,rbf,0.25,0.01,0.09112463100031773,0.11140198419426028
positions,scaled,sigmoid,0.25,0.01,0.09110934876979257,0.1114509835652893
positions,scaled,linear,0.25,0.1,0.9951619982729032,0.32722314517565937
positions,scaled,poly,0.25,0.1,0.24852558620635046,0.1499493319670678
positions,scaled,rbf,0.25,0.1,0.09112463100031773,0.11140198419426028
positions,scaled,sigmoid,0.25,0.1,0.09107673369541221,0.11132408848748261
positions,scaled,linear,0.5,0.0001,1.0,0.32588332018792765
positions,scaled,poly,0.5,0.0001,0.33093606329914566,0.16479439373759544
positions,scaled,rbf,0.5,0.0001,0.09166460935012458,0.11140198419426028
positions,scaled,sigmoid,0.5,0.0001,0.09794513704145796,0.1219751021924935
positions,scaled,linear,0.5,0.001,1.0,0.32588332018792765
positions,scaled,poly,0.5,0.001,0.33093606329914566,0.16479439373759544
positions,scaled,rbf,0.5,0.001,0.09166460935012458,0.11140198419426028
positions,scaled,sigmoid,0.5,0.001,0.09794513704145796,0.1219751021924935
positions,scaled,linear,0.5,0.01,1.0,0.32588332018792765
positions,scaled,poly,0.5,0.01,0.33093606329914566,0.1600324889756907
positions,scaled,rbf,0.5,0.01,0.09166460935012458,0.11140198419426028
positions,scaled,sigmoid,0.5,0.01,0.09796126566575857,0.1219751021924935
positions,scaled,linear,0.5,0.1,1.0,0.3283296238842313
positions,scaled,poly,0.5,0.1,0.33093606329914566,0.1600324889756907
positions,scaled,rbf,0.5,0.1,0.09166460935012458,0.11140198419426028
positions,scaled,sigmoid,0.5,0.1,0.09692367125886796,0.12181086425651644
positions,scaled,linear,0.75,0.0001,1.0,0.3293337039200015
positions,scaled,poly,0.75,0.0001,0.39761530249206045,0.17908010802330973
positions,scaled,rbf,0.75,0.0001,0.15581963751616096,0.11140198419426028
positions,scaled,sigmoid,0.75,0.0001,0.11934609308886313,0.1483479798793868
positions,scaled,linear,0.75,0.001,1.0,0.3293337039200015
positions,scaled,poly,0.75,0.001,0.39761530249206045,0.17908010802330973
positions,scaled,rbf,0.75,0.001,0.15581963751616096,0.11140198419426028
positions,scaled,sigmoid,0.75,0.001,0.11932974102102348,0.1483479798793868
positions,scaled,linear,0.75,0.01,1.0,0.3293337039200015
positions,scaled,poly,0.75,0.01,0.39761530249206045,0.17908010802330973
positions,scaled,rbf,0.75,0.01,0.15581963751616096,0.11140198419426028
positions,scaled,sigmoid,0.75,0.01,0.12031543036748979,0.14407082587397194
positions,scaled,linear,0.75,0.1,1.0,0.33165513249143
positions,scaled,poly,0.75,0.1,0.39761530249206045,0.17431820326140496
positions,scaled,rbf,0.75,0.1,0.15678773898858817,0.11140198419426028
positions,scaled,sigmoid,0.75,0.1,0.11819462963901035,0.14105982837152267
positions,scaled,linear,1.0,0.0001,1.0,0.3293337039200015
positions,scaled,poly,1.0,0.0001,0.4504225135218095,0.20135691187175153
positions,scaled,rbf,1.0,0.0001,0.26417794433214825,0.11981004697344107
positions,scaled,sigmoid,1.0,0.0001,0.14845822571663853,0.15984773454181442
positions,scaled,linear,1.0,0.001,1.0,0.3293337039200015
positions,scaled,poly,1.0,0.001,0.4504225135218095,0.20135691187175153
positions,scaled,rbf,1.0,0.001,0.26417794433214825,0.11981004697344107
positions,scaled,sigmoid,1.0,0.001,0.14842522266680075,0.15984773454181442
positions,scaled,linear,1.0,0.01,1.0,0.3293337039200015
positions,scaled,poly,1.0,0.01,0.4516556779733648,0.20135691187175153
positions,scaled,rbf,1.0,0.01,0.26417794433214825,0.11981004697344107
positions,scaled,sigmoid,1.0,0.01,0.14845821953237087,0.15984773454181442
positions,scaled,linear,1.0,0.1,1.0,0.33165513249143
positions,scaled,poly,1.0,0.1,0.44928098370133424,0.20135691187175153
positions,scaled,rbf,1.0,0.1,0.26650667850933496,0.11981004697344107
positions,scaled,sigmoid,1.0,0.1,0.1479920841299998,0.16003611758734032
positions,original,linear,0.1,0.0001,0.09112463100031773,0.11140198419426028
positions,original,poly,0.1,0.0001,0.09112463100031773,0.11140198419426028
positions,original,rbf,0.1,0.0001,0.09112463100031773,0.11140198419426028
positions,original,sigmoid,0.1,0.0001,0.09112463100031773,0.11140198419426028
positions,original,linear,0.1,0.001,0.09112463100031773,0.11140198419426028
positions,original,poly,0.1,0.001,0.09112463100031773,0.11140198419426028
positions,original,rbf,0.1,0.001,0.09112463100031773,0.11140198419426028
positions,original,sigmoid,0.1,0.001,0.09112463100031773,0.11140198419426028
positions,original,linear,0.1,0.01,0.09112463100031773,0.11140198419426028
positions,original,poly,0.1,0.01,0.09112463100031773,0.11140198419426028
positions,original,rbf,0.1,0.01,0.09112463100031773,0.11140198419426028
positions,original,sigmoid,0.1,0.01,0.09112463100031773,0.11140198419426028
positions,original,linear,0.1,0.1,0.09169242410416789,0.11140198419426028
positions,original,poly,0.1,0.1,0.09112463100031773,0.11140198419426028
positions,original,rbf,0.1,0.1,0.09112463100031773,0.11140198419426028
positions,original,sigmoid,0.1,0.1,0.09112463100031773,0.11140198419426028
positions,original,linear,0.25,0.0001,0.09571925770251327,0.11140198419426028
positions,original,poly,0.25,0.0001,0.09112463100031773,0.11140198419426028
positions,original,rbf,0.25,0.0001,0.09112463100031773,0.11140198419426028
positions,original,sigmoid,0.25,0.0001,0.09112463100031773,0.11140198419426028
positions,original,linear,0.25,0.001,0.09571925770251327,0.11140198419426028
positions,original,poly,0.25,0.001,0.09112463100031773,0.11140198419426028
positions,original,rbf,0.25,0.001,0.09112463100031773,0.11140198419426028
positions,original,sigmoid,0.25,0.001,0.09112463100031773,0.11140198419426028
positions,original,linear,0.25,0.01,0.09571925770251327,0.11140198419426028
positions,original,poly,0.25,0.01,0.09112463100031773,0.11140198419426028
positions,original,rbf,0.25,0.01,0.09112463100031773,0.11140198419426028
positions,original,sigmoid,0.25,0.01,0.09112463100031773,0.11140198419426028
positions,original,linear,0.25,0.1,0.09571925770251327,0.11140198419426028
positions,original,poly,0.25,0.1,0.09112463100031773,0.11140198419426028
positions,original,rbf,0.25,0.1,0.09112463100031773,0.11140198419426028
positions,original,sigmoid,0.25,0.1,0.09112463100031773,0.11140198419426028
positions,original,linear,0.5,0.0001,0.09625926235902074,0.11140198419426028
positions,original,poly,0.5,0.0001,0.09112463100031773,0.11140198419426028
positions,original,rbf,0.5,0.0001,0.09112463100031773,0.11140198419426028
positions,original,sigmoid,0.5,0.0001,0.09112463100031773,0.11140198419426028
positions,original,linear,0.5,0.001,0.09625926235902074,0.11140198419426028
positions,original,poly,0.5,0.001,0.09112463100031773,0.11140198419426028
positions,original,rbf,0.5,0.001,0.09112463100031773,0.11140198419426028
positions,original,sigmoid,0.5,0.001,0.09112463100031773,0.11140198419426028
positions,original,linear,0.5,0.01,0.09625926235902074,0.11140198419426028
positions,original,poly,0.5,0.01,0.09112463100031773,0.11140198419426028
positions,original,rbf,0.5,0.01,0.09112463100031773,0.11140198419426028
positions,original,sigmoid,0.5,0.01,0.09112463100031773,0.11140198419426028
positions,original,linear,0.5,0.1,0.09823152484584606,0.11140198419426028
positions,original,poly,0.5,0.1,0.09112463100031773,0.11140198419426028
positions,original,rbf,0.5,0.1,0.09112463100031773,0.11140198419426028
positions,original,sigmoid,0.5,0.1,0.09112463100031773,0.11140198419426028
positions,original,linear,0.75,0.0001,0.1227087683952169,0.11140198419426028
positions,original,poly,0.75,0.0001,0.09112463100031773,0.11140198419426028
positions,original,rbf,0.75,0.0001,0.09112463100031773,0.11140198419426028
positions,original,sigmoid,0.75,0.0001,0.09112463100031773,0.11140198419426028
positions,original,linear,0.75,0.001,0.1227087683952169,0.11140198419426028
positions,original,poly,0.75,0.001,0.09112463100031773,0.11140198419426028
positions,original,rbf,0.75,0.001,0.09112463100031773,0.11140198419426028
positions,original,sigmoid,0.75,0.001,0.09112463100031773,0.11140198419426028
positions,original,linear,0.75,0.01,0.1227087683952169,0.11140198419426028
positions,original,poly,0.75,0.01,0.09112463100031773,0.11140198419426028
positions,original,rbf,0.75,0.01,0.09112463100031773,0.11140198419426028
positions,original,sigmoid,0.75,0.01,0.09112463100031773,0.11140198419426028
positions,original,linear,0.75,0.1,0.123236515194131,0.11140198419426028
positions,original,poly,0.75,0.1,0.09112463100031773,0.11140198419426028
positions,original,rbf,0.75,0.1,0.09112463100031773,0.11140198419426028
positions,original,sigmoid,0.75,0.1,0.09112463100031773,0.11140198419426028
positions,original,linear,1.0,0.0001,0.14059081969999002,0.11140198419426028
positions,original,poly,1.0,0.0001,0.09112463100031773,0.11140198419426028
positions,original,rbf,1.0,0.0001,0.09112463100031773,0.11140198419426028
positions,original,sigmoid,1.0,0.0001,0.09112463100031773,0.11140198419426028
positions,original,linear,1.0,0.001,0.14059081969999002,0.11140198419426028
positions,original,poly,1.0,0.001,0.09112463100031773,0.11140198419426028
positions,original,rbf,1.0,0.001,0.09112463100031773,0.11140198419426028
positions,original,sigmoid,1.0,0.001,0.09112463100031773,0.11140198419426028
positions,original,linear,1.0,0.01,0.14059081969999002,0.11140198419426028
positions,original,poly,1.0,0.01,0.09112463100031773,0.11140198419426028
positions,original,rbf,1.0,0.01,0.09112463100031773,0.11140198419426028
positions,original,sigmoid,1.0,0.01,0.09112463100031773,0.11140198419426028
positions,original,linear,1.0,0.1,0.15025752325651137,0.11140198419426028
positions,original,poly,1.0,0.1,0.09112463100031773,0.11140198419426028
positions,original,rbf,1.0,0.1,0.09112463100031773,0.11140198419426028
positions,original,sigmoid,1.0,0.1,0.09112463100031773,0.11140198419426028
positions,minmax,linear,0.1,0.0001,0.224091623139975,0.15101934039982923
positions,minmax,poly,0.1,0.0001,0.3879893773153936,0.24052019556935048
positions,minmax,rbf,0.1,0.0001,0.09112463100031773,0.11140198419426028
positions,minmax,sigmoid,0.1,0.0001,0.09112463100031773,0.11140198419426028
positions,minmax,linear,0.1,0.001,0.224091623139975,0.15101934039982923
positions,minmax,poly,0.1,0.001,0.3879893773153936,0.24052019556935048
positions,minmax,rbf,0.1,0.001,0.09112463100031773,0.11140198419426028
positions,minmax,sigmoid,0.1,0.001,0.09112463100031773,0.11140198419426028
positions,minmax,linear,0.1,0.01,0.224091623139975,0.15101934039982923
positions,minmax,poly,0.1,0.01,0.3899291514950951,0.24052019556935048
positions,minmax,rbf,0.1,0.01,0.09112463100031773,0.11140198419426028
positions,minmax,sigmoid,0.1,0.01,0.09112463100031773,0.11140198419426028
positions,minmax,linear,0.1,0.1,0.22247170464226956,0.15101934039982923
positions,minmax,poly,0.1,0.1,0.3882171417415023,0.226981620081609
positions,minmax,rbf,0.1,0.1,0.09112463100031773,0.11140198419426028
positions,minmax,sigmoid,0.1,0.1,0.09112463100031773,0.11140198419426028
positions,minmax,linear,0.25,0.0001,0.4007809477557879,0.25482132190275314
positions,minmax,poly,0.25,0.0001,0.5097847427788679,0.30110676728658686
positions,minmax,rbf,0.25,0.0001,0.09112463100031773,0.11140198419426028
positions,minmax,sigmoid,0.25,0.0001,0.09112463100031773,0.11140198419426028
positions,minmax,linear,0.25,0.001,0.4007809477557879,0.25482132190275314
positions,minmax,poly,0.25,0.001,0.5097847427788679,0.3118210530008726
positions,minmax,rbf,0.25,0.001,0.09112463100031773,0.11140198419426028
positions,minmax,sigmoid,0.25,0.001,0.09112463100031773,0.11140198419426028
positions,minmax,linear,0.25,0.01,0.40100535730678855,0.25482132190275314
positions,minmax,poly,0.25,0.01,0.5097847427788679,0.3104396423772807
positions,minmax,rbf,0.25,0.01,0.09112463100031773,0.11140198419426028
positions,minmax,sigmoid,0.25,0.01,0.09112463100031773,0.11140198419426028
positions,minmax,linear,0.25,0.1,0.40157893077399437,0.25482132190275314
positions,minmax,poly,0.25,0.1,0.510822350435487,0.30947196280344635
positions,minmax,rbf,0.25,0.1,0.09112463100031773,0.11140198419426028
positions,minmax,sigmoid,0.25,0.1,0.09112463100031773,0.11140198419426028
positions,minmax,linear,0.5,0.0001,0.48784344777859384,0.2969110717669997
positions,minmax,poly,0.5,0.0001,0.7809040071051718,0.3109546982244863
positions,minmax,rbf,0.5,0.0001,0.09112463100031773,0.11140198419426028
positions,minmax,sigmoid,0.5,0.0001,0.09112463100031773,0.11140198419426028
positions,minmax,linear,0.5,0.001,0.48784344777859384,0.2969110717669997
positions,minmax,poly,0.5,0.001,0.7809040071051718,0.3109546982244863
positions,minmax,rbf,0.5,0.001,0.09112463100031773,0.11140198419426028
positions,minmax,sigmoid,0.5,0.001,0.09112463100031773,0.11140198419426028
positions,minmax,linear,0.5,0.01,0.48784344777859384,0.2969110717669997
positions,minmax,poly,0.5,0.01,0.7809040071051718,0.3109546982244863
positions,minmax,rbf,0.5,0.01,0.09112463100031773,0.11140198419426028
positions,minmax,sigmoid,0.5,0.01,0.09112463100031773,0.11140198419426028
positions,minmax,linear,0.5,0.1,0.4896177313975628,0.2977087321837459
positions,minmax,poly,0.5,0.1,0.7840013636509234,0.30825823752638587
positions,minmax,rbf,0.5,0.1,0.09112463100031773,0.11140198419426028
positions,minmax,sigmoid,0.5,0.1,0.09112463100031773,0.11140198419426028
positions,minmax,linear,0.75,0.0001,0.5642664800552948,0.3206903006700967
positions,minmax,poly,0.75,0.0001,0.8488142966740323,0.32545602162214327
positions,minmax,rbf,0.75,0.0001,0.09559079872849913,0.11140198419426028
positions,minmax,sigmoid,0.75,0.0001,0.09112463100031773,0.11140198419426028
positions,minmax,linear,0.75,0.001,0.5642664800552948,0.3206903006700967
positions,minmax,poly,0.75,0.001,0.8488142966740323,0.32545602162214327
positions,minmax,rbf,0.75,0.001,0.09559079872849913,0.11140198419426028
positions,minmax,sigmoid,0.75,0.001,0.09112463100031773,0.11140198419426028
positions,minmax,linear,0.75,0.01,0.5644476220237447,0.3206903006700967
positions,minmax,poly,0.75,0.01,0.8482428484519617,0.32545602162214327
positions,minmax,rbf,0.75,0.01,0.09559079872849913,0.11140198419426028
positions,minmax,sigmoid,0.75,0.01,0.09112463100031773,0.11140198419426028
positions,minmax,linear,0.75,0.1,0.5641130698254854,0.32159118139856363
positions,minmax,poly,0.75,0.1,0.8482297826491827,0.3394444717741888
positions,minmax,rbf,0.75,0.1,0.10256920398818445,0.11140198419426028
positions,minmax,sigmoid,0.75,0.1,0.09112463100031773,0.11140198419426028
positions,minmax,linear,1.0,0.0001,0.6563509827336544,0.3145051067108723
positions,minmax,poly,1.0,0.0001,0.9019175105133452,0.3387074700611986
positions,minmax,rbf,1.0,0.0001,0.11536989051348663,0.11140198419426028
positions,minmax,sigmoid,1.0,0.0001,0.09112463100031773,0.11140198419426028
positions,minmax,linear,1.0,0.001,0.6563509827336544,0.3145051067108723
positions,minmax,poly,1.0,0.001,0.9019175105133452,0.3387074700611986
positions,minmax,rbf,1.0,0.001,0.11536989051348663,0.11140198419426028
positions,minmax,sigmoid,1.0,0.001,0.09112463100031773,0.11140198419426028
positions,minmax,linear,1.0,0.01,0.6566535188201854,0.3145051067108723
positions,minmax,poly,1.0,0.01,0.9019175105133452,0.3387074700611986
positions,minmax,rbf,1.0,0.01,0.11536989051348663,0.11140198419426028
positions,minmax,sigmoid,1.0,0.01,0.09112463100031773,0.11140198419426028
positions,minmax,linear,1.0,0.1,0.6573897097948318,0.3156490061311055
positions,minmax,poly,1.0,0.1,0.9020251712441558,0.33836266780408514
positions,minmax,rbf,1.0,0.1,0.11876350193226834,0.11140198419426028
positions,minmax,sigmoid,1.0,0.1,0.09112463100031773,0.11140198419426028
